id_author,name,surname
1,John,Smith
2,Emily,Johnson
3,Michael,Davis
4,Sarah,Brown
5,Daniel,Miller
6,Olivia,Wilson
7,James,Taylor
8,Emma,Anderson
9,William,White
10,Sophia,Moore
11,Benjamin,Jones
12,Ava,Martin
13,Liam,Thompson
14,Grace,Campbell
15,Logan,Clark
16,Chloe,Anderson
17,Ethan,Wilson
18,Aria,Hall
19,David,Baker
20,Charlotte,Cooper
21,Dylan,Richardson
22,Zoe,Hughes
23,Nathan,Wright
24,Mia,Rogers
25,Christopher,Turner
26,Isabella,Hill
27,Andrew,Kelly
28,Sophie,Evans
29,Joseph,Harrison
30,Ava,Miller
31,Mason,Scott
32,Amelia,Allen
33,Logan,Bennett
34,Abigail,Collins
35,Aiden,Brown
36,Grace,Fisher
37,Elijah,Ward
38,Ella,Green
39,Oliver,Smith
40,Sofia,Williams
41,Jack,Young
42,Harper,Jackson
43,Liam,Hall
44,Lily,Phillips
45,Caleb,Reed
46,Avery,Stewart
47,Henry,Ross
48,Ella,Cooper
49,Leo,Campbell
50,Scarlett,Harris
